,distance,distance,distance,distance,speed,speed,speed,speed,accel,accel,accel,accel,angle,angle,angle,angle,angular_velocity,angular_velocity,angular_velocity,angular_velocity
,mean,std,min,max,mean,std,min,max,mean,std,min,max,mean,std,min,max,mean,std,min,max
trans_mode,,,,,,,,,,,,,,,,,,,,
bus,0.01262584062414726,0.012022555966654054,0.00551229173843021,0.0721831727953434,30.881802484052315,13.447677324379972,16.982957855666513,80.61862043354239,0.09493497957799345,0.10452726099096782,-0.044940256109252785,0.3748829120330642,178.39984225008195,50.333528192405026,88.44665741919997,273.7908225634391,26.419713460140763,24.88564226857784,2.1971759725971123,108.5807358422333
subway,0.0172888099385475,0.004185715170995918,0.011003052415005838,0.03221106726692569,50.25990357747434,7.255340336530247,35.140772555981506,75.25172513645897,0.09852816395472326,0.09114700660954854,-0.19745136314383777,0.29698278522655497,219.48320976616935,66.3237180273235,96.28520179884477,324.3203340035617,15.616347747070503,15.731863784166253,1.7496225507801733,65.8233476736186
taxi,0.040894023034318744,0.13416235134294816,0.002367822342046279,0.7137419744819917,30.04110543430941,13.213641954845702,6.768585988366199,97.1963594108751,0.09326050117493973,0.1158284151494559,-0.2988853057372454,0.5571966256940012,164.0392984300482,59.29262088254379,62.42842128278059,305.34594947388206,30.39449191924245,27.42433928502336,0.20947840587414587,98.70988840986658
train,0.294729260929822,0.6274274663067677,0.007556959089689128,4.282399029905892,96.91533744794013,30.937734468712975,24.336241705057336,175.1829732395348,0.016996028253595155,0.14600415683283302,-0.23327717622036295,1.116833938210582,190.27953450767566,66.58606403793694,62.5439046539281,292.8899536912497,2.5611653561265153,2.050736624211901,0.1012129998971333,11.990926172920114
walk,0.003137871381353352,0.007397476546761376,0.00120309786935787,0.05500323938178677,5.655952687350577,1.160898301432512,1.925925033353997,8.162853131131607,0.07133191683902552,0.0903436305164949,-0.12644712495953525,0.7639424482021477,169.55994433654956,65.65395836762065,21.444691852332465,299.74651329986995,34.11038575838694,21.69184177746324,1.1308415556849003,122.75697013956214
